date,discharge_temp,discharge_pressure,jacket_water
2021-08-09,59.68,0.47,0.29
2021-08-10,76.24,0.06,4.85
2021-08-11,64.13,1.57,2.16
2021-08-12,59.18,0.88,1.83
2021-08-13,72.77,0.14,3.04
2021-08-14,57.93,2.05,2.2
2021-08-15,142.18,21.52,14.7
2021-08-16,149.11,20.85,15.64
2021-08-17,153.78,21.28,11.14
2021-08-18,55.17,2.45,3.53
2021-08-19,57.22,1.08,0.58
2021-08-20,64.33,0.98,3.65
2021-08-21,69.17,0.36,3.57
2021-08-22,70.68,1.28,0.13
2021-08-23,70.26,2.72,1.25
2021-08-24,82.89,2.42,3.17
2021-08-25,60.6,2.68,2.7
2021-08-26,79.54,2.58,0.03
2021-08-27,61.66,0.36,1.69
2021-08-28,65.91,2.92,4.81
2021-08-29,64.03,0.85,0.18
2021-08-30,59.35,1.47,4.93
2021-08-31,77.85,0.71,3.64
2021-09-01,57.71,2.51,1.6
2021-09-02,55.5,1.54,1.13
2021-09-03,83.1,0.41,1.71
2021-09-04,74.8,2.45,2.78
2021-09-05,65.17,1.05,3.63
2021-09-06,57.52,0.48,4.49
2021-09-07,74.56,0.67,3.56
2021-09-08,77.39,1.95,4.25
2021-09-09,62.96,0.73,4.87
2021-09-10,145.19,22.4,17.65
2021-09-11,139.36,22.68,16.37
2021-09-12,140.44,22.55,16.93
2021-09-13,142.99,22.06,16.74
2021-09-14,144.16,22.03,16.83
2021-09-15,143.94,21.51,16.62
2021-09-16,145.28,21.93,17.18
2021-09-17,138.95,20.88,16.61
2021-09-18,137.14,22.17,16.3
2021-09-19,145.47,21.94,16.77
2021-09-20,144.68,22.57,16.6
2021-09-21,140.2,20.88,16.18
2021-09-22,142.38,20.89,17.02
2021-09-23,138.48,23.32,16.27
2021-09-24,141.44,21.35,16.09
2021-09-25,145.27,22.8,16.61
2021-09-26,142.28,22.51,16.7
2021-09-27,136.49,22.8,16.5
2021-09-28,142.71,21.86,16.57
2021-09-29,140.04,21.73,17.27
2021-09-30,140.27,22.61,17.11
2021-10-01,139.98,22.69,17.55
2021-10-02,141.54,22.5,16.53
2021-10-03,140.97,21.39,17.79
2021-10-04,144.83,20.87,17.2
2021-10-05,136.68,22.9,16.67
2021-10-06,140.93,21.83,17.17
2021-10-07,140.48,22.7,15.86
2021-10-08,140.7,21.69,17.51
2021-10-09,138.9,21.15,16.72
2021-10-10,143.74,21.77,18.08
2021-10-11,145.59,22.97,16.98
2021-10-12,142.35,20.66,17.6
2021-10-13,143.76,22.16,17.47
2021-10-14,142.4,21.32,17.25
2021-10-15,143.01,21.73,15.87
2021-10-16,142.74,21.73,17.86
2021-10-17,138.69,21.87,17.56
2021-10-18,142.98,22.87,17.07
2021-10-19,145.21,21.55,16.56
2021-10-20,141.46,21.28,16.26
2021-10-21,143.29,20.04,16.88
2021-10-22,142.97,22.17,17.0
2021-10-23,145.44,20.6,17.1
2021-10-24,144.45,21.33,18.22
2021-10-25,140.44,21.11,16.45
2021-10-26,142.14,21.53,17.32
2021-10-27,140.76,21.95,16.76
2021-10-28,140.75,20.14,17.45
2021-10-29,139.64,21.73,17.83
2021-10-30,141.08,21.58,16.5
2021-10-31,141.92,22.2,17.54
2021-11-01,147.41,22.22,16.8
2021-11-02,145.24,20.56,16.03
2021-11-03,141.0,21.3,16.77
2021-11-04,139.67,21.06,15.73
2021-11-05,142.44,21.65,16.62
2021-11-06,146.81,22.62,17.46
2021-11-07,142.22,19.53,16.71
2021-11-08,138.57,21.54,18.38
2021-11-09,139.56,21.87,17.52
2021-11-10,136.76,20.56,17.18
2021-11-11,140.88,21.39,16.88
2021-11-12,142.62,22.01,16.06
2021-11-13,140.68,22.17,16.87
2021-11-14,136.88,21.33,17.05
2021-11-15,138.76,21.57,17.26
2021-11-16,142.33,22.19,17.64
2021-11-17,138.32,20.71,17.94
2021-11-18,144.32,20.94,17.01
2021-11-19,144.43,22.01,16.46
2021-11-20,141.42,21.82,16.8
2021-11-21,140.0,21.28,18.28
2021-11-22,141.23,20.46,16.74
2021-11-23,140.73,21.81,18.68
2021-11-24,143.72,20.81,17.84
2021-11-25,143.73,20.63,16.69
2021-11-26,140.47,20.21,17.84
2021-11-27,137.89,21.56,16.95
2021-11-28,138.69,21.3,16.96
2021-11-29,146.93,20.41,18.06
2021-11-30,137.01,21.2,17.45
2021-12-01,141.97,20.11,17.15
2021-12-02,139.64,21.09,16.94
2021-12-03,140.95,20.34,17.11
2021-12-04,140.23,21.3,18.06
2021-12-05,135.25,22.31,16.57
2021-12-06,141.14,20.16,17.73
2021-12-07,141.24,21.03,16.91
2021-12-08,137.51,20.88,16.47
2021-12-09,144.09,21.58,16.91
2021-12-10,136.67,21.53,17.14
2021-12-11,138.46,21.33,16.38
2021-12-12,142.8,20.48,17.35
2021-12-13,139.32,21.35,17.35
2021-12-14,134.55,21.91,16.84
2021-12-15,143.76,21.2,16.22
2021-12-16,136.02,21.91,16.14
2021-12-17,141.63,21.27,17.42
2021-12-18,137.96,21.7,16.3
2021-12-19,140.2,21.16,17.63
2021-12-20,135.55,21.63,16.59
2021-12-21,140.35,19.91,16.79
2021-12-22,136.16,21.73,17.49
2021-12-23,138.27,19.65,17.55
2021-12-24,137.43,21.85,16.86
2021-12-25,134.63,20.39,16.42
2021-12-26,145.38,20.76,17.49
2021-12-27,138.64,20.71,17.19
2021-12-28,138.88,20.28,17.3
2021-12-29,138.27,20.63,18.06
2021-12-30,139.33,21.48,17.16
2021-12-31,136.09,20.14,17.33
2022-01-01,142.02,20.23,15.15
2022-01-02,143.43,20.26,16.08
2022-01-03,142.56,21.36,17.12
2022-01-04,142.91,22.17,16.63
2022-01-05,138.77,21.42,17.12
2022-01-06,142.64,20.02,16.92
2022-01-07,144.37,21.26,16.98
2022-01-08,143.59,20.14,16.93
2022-01-09,139.76,21.26,15.91
2022-01-10,141.8,20.75,16.76
2022-01-11,136.24,20.88,16.26
2022-01-12,143.28,22.12,16.81
2022-01-13,137.2,22.36,17.4
2022-01-14,140.44,21.0,17.39
2022-01-15,140.88,21.03,17.26
2022-01-16,138.01,21.45,17.56
2022-01-17,141.44,20.64,16.25
2022-01-18,136.48,21.52,16.61
2022-01-19,140.25,20.63,18.16
2022-01-20,141.54,21.52,16.85
2022-01-21,146.53,21.15,17.1
2022-01-22,140.24,21.06,16.75
2022-01-23,143.27,21.58,16.53
2022-01-24,145.27,21.41,16.93
2022-01-25,141.19,21.8,16.69
2022-01-26,140.28,21.3,16.38
2022-01-27,148.54,21.13,16.48
2022-01-28,140.06,21.29,17.52
2022-01-29,136.66,20.57,16.23
2022-01-30,137.68,20.8,17.49
2022-01-31,145.27,21.78,17.23
2022-02-01,137.6,21.23,16.93
2022-02-02,139.09,21.36,17.2
2022-02-03,144.77,20.69,16.17
2022-02-04,141.33,21.93,17.28
2022-02-05,143.86,21.88,17.59
2022-02-06,141.01,21.32,16.88
2022-02-07,141.37,20.34,16.91
2022-02-08,142.17,21.35,16.93
2022-02-09,139.9,21.2,16.67
2022-02-10,144.93,20.82,17.37
2022-02-11,144.52,21.16,16.97
2022-02-12,139.47,21.43,16.67
2022-02-13,145.05,20.75,17.39
2022-02-14,138.65,20.31,17.76
2022-02-15,146.25,20.83,17.32
2022-02-16,140.65,22.03,16.4
2022-02-17,143.27,20.38,17.69
2022-02-18,143.35,21.54,16.87
2022-02-19,146.86,19.41,18.18
2022-02-20,142.8,21.01,16.95
2022-02-21,141.41,20.05,17.48
2022-02-22,148.18,21.22,16.68
2022-02-23,140.68,20.99,17.86
2022-02-24,148.17,20.45,16.55
2022-02-25,148.0,20.77,16.65
2022-02-26,148.34,20.17,16.53
2022-02-27,147.93,19.92,17.47
2022-02-28,152.54,19.3,16.71
2022-03-01,149.95,21.46,15.62
2022-03-02,147.86,20.14,16.42
2022-03-03,150.31,20.82,16.18
2022-03-04,144.61,19.14,15.67
2022-03-05,146.68,20.09,16.38
2022-03-06,145.75,18.44,16.22
2022-03-07,150.67,18.72,15.35
2022-03-08,156.01,18.82,16.4
2022-03-09,152.01,19.5,15.6
2022-03-10,151.25,18.96,15.7
2022-03-11,151.66,18.25,15.33
2022-03-12,161.22,14.82,15.5
2022-03-13,154.46,13.44,14.73
2022-03-14,155.21,10.23,14.26
2022-03-15,84.27,1.92,4.11
2022-03-16,60.25,1.51,1.99
2022-03-17,57.05,0.08,0.68
2022-03-18,64.35,1.52,2.2
2022-03-19,61.48,1.86,3.25
2022-03-20,84.51,0.72,0.71
2022-03-21,58.03,2.08,0.31
2022-03-22,64.19,1.87,2.64
2022-03-23,81.6,1.35,0.97
2022-03-24,78.08,0.03,2.08
2022-03-25,62.79,2.28,0.69
2022-03-26,58.29,1.64,2.27
2022-03-27,64.74,2.21,2.38
2022-03-28,81.76,2.87,3.93
2022-03-29,68.13,0.76,4.2
2022-03-30,74.1,1.84,0.33
2022-03-31,77.12,1.54,3.4
2022-04-01,65.49,2.32,3.31
2022-04-02,57.95,1.98,3.82
2022-04-03,61.17,0.36,3.08
2022-04-04,70.91,0.13,4.84
2022-04-05,143.7,23.04,16.35
2022-04-06,140.61,21.42,15.16
2022-04-07,142.32,22.35,16.56
2022-04-08,143.62,22.0,16.99
2022-04-09,145.99,22.36,15.56
2022-04-10,144.66,23.07,16.19
2022-04-11,149.81,22.71,15.31
2022-04-12,145.18,22.24,15.63
2022-04-13,144.98,23.47,16.41
2022-04-14,141.79,22.24,16.27
2022-04-15,144.26,21.76,16.04
2022-04-16,142.4,22.52,16.8
2022-04-17,146.32,21.88,17.53
2022-04-18,148.12,23.73,16.93
2022-04-19,141.97,21.76,16.36
2022-04-20,145.75,22.37,17.13
2022-04-21,138.52,22.25,16.29
2022-04-22,148.17,23.2,16.58
2022-04-23,146.25,23.62,17.04
2022-04-24,139.06,22.47,16.19
2022-04-25,142.1,21.33,14.85
2022-04-26,142.32,21.84,16.6
2022-04-27,146.38,22.22,16.3
2022-04-28,144.1,22.89,15.98
2022-04-29,141.65,20.54,16.82
2022-04-30,145.0,21.13,16.11
2022-05-01,140.52,22.48,16.37
2022-05-02,141.6,22.37,16.92
2022-05-03,145.19,22.37,16.18
2022-05-04,136.03,22.56,16.76
2022-05-05,148.04,22.22,15.97
2022-05-06,140.9,21.95,15.82
2022-05-07,142.33,22.19,15.52
2022-05-08,151.16,22.6,15.92
2022-05-09,139.53,23.11,15.96
2022-05-10,146.74,22.59,16.69
2022-05-11,146.24,22.26,16.03
2022-05-12,140.84,22.54,17.04
2022-05-13,144.6,22.43,16.77
2022-05-14,144.61,22.85,16.12
2022-05-15,147.19,22.0,16.87
2022-05-16,142.67,23.61,16.18
2022-05-17,145.39,22.51,16.05
2022-05-18,143.17,23.48,17.07
2022-05-19,144.14,21.97,16.49
2022-05-20,144.5,22.88,16.17
2022-05-21,140.78,22.75,17.31
2022-05-22,144.42,22.87,16.6
2022-05-23,143.52,23.16,17.33
2022-05-24,143.82,21.12,16.85
2022-05-25,144.51,23.13,16.22
2022-05-26,145.7,21.97,17.02
2022-05-27,148.67,22.52,16.32
2022-05-28,140.06,21.92,16.0
2022-05-29,143.89,22.82,17.1
2022-05-30,145.4,22.92,17.07
2022-05-31,139.05,23.19,17.22
2022-06-01,146.9,24.04,16.98
2022-06-02,141.54,24.32,16.51
2022-06-03,147.92,22.4,16.69
2022-06-04,143.46,22.45,16.22
2022-06-05,145.19,22.81,15.76
2022-06-06,146.59,21.4,16.56
2022-06-07,141.34,22.53,16.11
2022-06-08,143.3,22.26,15.84
2022-06-09,144.37,21.55,17.06
2022-06-10,145.26,22.48,16.24
2022-06-11,140.13,22.54,16.72
2022-06-12,143.66,21.83,17.39
2022-06-13,143.13,23.26,16.86
2022-06-14,142.7,22.59,16.56
2022-06-15,142.65,22.62,16.12
2022-06-16,144.17,21.9,17.53
2022-06-17,141.03,23.51,16.51
2022-06-18,146.03,22.95,15.68
2022-06-19,147.84,21.24,16.31
2022-06-20,147.25,23.02,17.1
2022-06-21,143.13,22.59,17.01
2022-06-22,146.95,20.98,16.29
2022-06-23,66.53,0.12,0.15
2022-06-24,55.7,2.27,2.29
2022-06-25,73.09,2.48,4.92
2022-06-26,65.21,1.62,0.77
2022-06-27,68.21,0.91,1.3
2022-06-28,83.99,1.67,1.74
2022-06-29,69.67,1.21,4.97
2022-06-30,72.08,1.86,1.01
2022-07-01,61.83,2.89,4.55
2022-07-02,144.09,22.52,15.6
2022-07-03,144.65,22.68,16.07
2022-07-04,146.32,21.84,16.04
2022-07-05,146.89,22.33,16.17
2022-07-06,143.85,23.34,17.12
2022-07-07,146.6,23.52,15.73
2022-07-08,141.82,22.34,15.64
2022-07-09,145.27,22.43,16.3
2022-07-10,142.52,23.03,15.56
2022-07-11,143.93,22.39,15.94
2022-07-12,143.21,22.62,16.65
2022-07-13,143.95,22.26,15.43
2022-07-14,143.79,23.3,15.76
2022-07-15,144.48,22.73,15.07
2022-07-16,144.79,23.82,16.98
2022-07-17,140.51,23.43,16.27
2022-07-18,140.98,22.47,15.49
2022-07-19,147.79,21.02,15.48
2022-07-20,143.78,23.42,15.53
2022-07-21,152.02,21.15,15.48
2022-07-22,148.76,24.14,16.28
2022-07-23,150.51,21.69,14.83
2022-07-24,74.32,0.14,1.8
2022-07-25,61.27,1.11,1.85
2022-07-26,80.51,0.64,3.29
2022-07-27,73.23,0.89,0.68
2022-07-28,64.47,1.93,1.98
2022-07-29,66.03,0.17,0.56
2022-07-30,80.06,0.04,1.9
2022-07-31,70.93,1.79,0.05
2022-08-01,70.57,2.03,1.56
2022-08-02,58.77,0.05,3.85
2022-08-03,62.97,0.05,1.47
2022-08-04,141.21,22.35,15.84
2022-08-05,148.0,21.23,15.45
2022-08-06,148.18,22.3,15.99
2022-08-07,142.54,23.21,16.18
2022-08-08,145.93,23.43,15.42
2022-08-09,144.04,22.93,15.88
2022-08-10,148.0,21.12,15.97
2022-08-11,142.25,22.11,16.56
2022-08-12,141.99,22.02,16.1
2022-08-13,138.89,22.47,15.58
2022-08-14,143.56,23.6,15.79
2022-08-15,143.63,23.29,16.02
2022-08-16,143.86,22.86,15.55
2022-08-17,142.04,23.72,15.64
2022-08-18,141.64,21.75,16.46
2022-08-19,144.85,21.68,16.11
2022-08-20,143.73,22.22,15.18
2022-08-21,143.23,23.63,14.88
2022-08-22,138.73,22.11,16.08
2022-08-23,142.16,21.28,15.7
2022-08-24,143.31,22.53,15.54
2022-08-25,147.0,20.59,15.46
2022-08-26,142.4,21.35,15.25
2022-08-27,140.83,22.22,15.4
2022-08-28,141.68,21.13,15.35
2022-08-29,149.81,22.72,15.46
2022-08-30,78.42,1.75,4.76
2022-08-31,76.43,2.28,0.51
2022-09-01,79.83,2.09,3.57
2022-09-02,75.84,2.19,4.31
2022-09-03,65.07,2.94,4.28
2022-09-04,71.86,2.84,2.48
2022-09-05,66.53,0.08,4.19
2022-09-06,62.05,2.11,4.09
2022-09-07,76.55,2.59,0.9
2022-09-08,66.9,0.4,4.33
2022-09-09,75.18,2.39,1.25
2022-09-10,79.98,2.72,0.06
2022-09-11,143.86,21.2,15.25
2022-09-12,145.83,21.69,15.12
2022-09-13,140.2,22.27,16.25
2022-09-14,138.1,22.01,16.16
2022-09-15,141.06,22.26,15.67
2022-09-16,143.67,20.88,15.64
2022-09-17,137.11,21.48,15.6
2022-09-18,141.16,21.73,15.93
2022-09-19,143.08,22.76,15.43
2022-09-20,138.83,22.99,16.09
2022-09-21,137.86,23.02,16.57
2022-09-22,142.37,22.67,15.88
2022-09-23,138.71,22.23,15.85
2022-09-24,143.32,21.91,15.14
2022-09-25,143.28,21.94,16.01
2022-09-26,139.84,21.62,15.43
2022-09-27,145.22,21.81,16.0
2022-09-28,143.41,22.57,15.27
2022-09-29,141.77,22.76,15.75
2022-09-30,138.39,22.62,16.18
2022-10-01,143.48,22.07,16.62
2022-10-02,144.24,22.17,15.71
2022-10-03,140.32,21.97,16.46
2022-10-04,141.05,22.91,15.9
2022-10-05,140.28,21.64,15.3
2022-10-06,139.05,22.81,15.93
2022-10-07,143.24,22.51,14.54
2022-10-08,149.79,22.64,15.51
2022-10-09,143.98,23.85,15.12
2022-10-10,140.21,22.05,15.57
2022-10-11,142.79,21.89,15.03
2022-10-12,144.56,20.67,15.48
2022-10-13,135.95,24.61,15.83
2022-10-14,143.89,22.69,15.91
2022-10-15,145.39,21.11,15.13
2022-10-16,144.03,22.14,14.57
2022-10-17,141.35,23.7,15.83
2022-10-18,148.38,21.82,15.87
2022-10-19,80.65,2.65,2.33
2022-10-20,79.11,2.71,1.02
2022-10-21,66.26,2.41,2.17
2022-10-22,65.52,1.12,0.34
2022-10-23,76.26,0.03,1.09
2022-10-24,142.03,22.54,17.0
2022-10-25,137.94,21.65,16.93
2022-10-26,141.24,21.51,16.62
2022-10-27,142.43,21.89,17.49
2022-10-28,138.18,22.31,16.19
2022-10-29,142.53,21.5,15.78
2022-10-30,143.27,21.32,17.0
2022-10-31,140.7,21.63,15.69
2022-11-01,138.11,22.1,15.61
2022-11-02,142.51,22.2,15.93
2022-11-03,140.15,21.98,16.13
2022-11-04,142.63,21.35,16.23
2022-11-05,143.95,20.94,16.65
2022-11-06,144.12,21.07,15.54
2022-11-07,144.51,21.85,17.02
2022-11-08,145.63,22.69,17.39
2022-11-09,143.17,21.49,16.38
2022-11-10,144.29,21.67,16.83
2022-11-11,144.76,22.1,16.74
2022-11-12,144.5,22.02,15.74
2022-11-13,138.85,21.55,16.15
2022-11-14,143.51,22.27,16.8
2022-11-15,139.51,21.06,15.7
2022-11-16,138.0,22.06,16.17
2022-11-17,143.13,21.89,16.8
2022-11-18,139.96,22.02,16.74
2022-11-19,141.74,21.05,16.76
2022-11-20,140.58,20.85,15.72
2022-11-21,140.63,21.97,16.06
2022-11-22,145.41,20.41,16.35
2022-11-23,137.23,21.15,17.19
2022-11-24,139.15,21.28,15.75
2022-11-25,137.49,20.94,15.87
2022-11-26,144.54,21.72,16.34
2022-11-27,138.9,20.96,17.41
2022-11-28,140.76,21.84,16.35
2022-11-29,140.79,21.32,16.52
2022-11-30,138.67,21.51,15.48
2022-12-01,138.68,21.2,16.09
2022-12-02,142.7,20.89,16.56
2022-12-03,140.5,21.83,16.53
2022-12-04,144.51,19.51,16.06
2022-12-05,143.73,21.43,17.26
2022-12-06,139.43,20.36,16.83
2022-12-07,143.39,21.92,17.17
2022-12-08,154.22,18.34,16.78
2022-12-09,157.43,20.58,15.94
2022-12-10,146.85,19.27,16.54
2022-12-11,148.85,18.42,15.21
2022-12-12,155.8,18.72,15.75
2022-12-13,153.5,19.65,15.0
2022-12-14,62.03,1.04,0.15
2022-12-15,73.34,2.04,1.59
2022-12-16,63.32,0.84,4.82
2022-12-17,68.28,0.78,1.72
2022-12-18,137.41,21.47,16.15
2022-12-19,144.72,21.02,16.67
2022-12-20,140.87,21.86,16.6
2022-12-21,138.08,21.76,15.7
2022-12-22,136.85,20.0,16.34
2022-12-23,141.24,20.18,15.53
2022-12-24,138.55,21.82,16.51
2022-12-25,138.96,22.04,16.36
2022-12-26,137.04,21.38,16.15
2022-12-27,135.12,21.88,16.15
2022-12-28,139.9,21.24,15.41
2022-12-29,134.88,22.09,16.42
2022-12-30,142.52,20.87,15.64
2022-12-31,142.6,21.19,15.86
2023-01-01,137.29,19.7,16.37
2023-01-02,139.19,21.03,15.91
2023-01-03,71.87,2.14,0.34
2023-01-04,139.13,21.03,16.48
2023-01-05,138.05,21.62,17.02
2023-01-06,136.68,22.49,15.98
2023-01-07,137.55,21.52,16.17
2023-01-08,139.34,22.49,16.27
2023-01-09,142.86,21.45,17.01
2023-01-10,139.86,21.59,16.11
2023-01-11,135.94,21.3,16.29
2023-01-12,139.1,20.24,16.41
2023-01-13,141.95,22.27,16.28
2023-01-14,140.88,22.73,16.48
2023-01-15,140.05,21.92,14.94
2023-01-16,135.39,21.86,15.99
2023-01-17,142.54,21.21,15.6
2023-01-18,140.37,20.19,16.56
2023-01-19,138.47,20.3,16.64
2023-01-20,136.05,21.87,15.8
2023-01-21,137.29,21.72,16.16
2023-01-22,136.45,21.97,15.73
2023-01-23,134.06,20.5,15.92
2023-01-24,139.57,21.06,15.48
2023-01-25,138.63,21.22,15.6
2023-01-26,140.02,20.63,15.36
2023-01-27,139.1,21.99,16.04
2023-01-28,140.95,20.45,16.19
2023-01-29,139.62,23.0,15.41
2023-01-30,132.86,21.03,15.96
2023-01-31,140.84,20.66,15.41
2023-02-01,138.65,22.21,15.2
2023-02-02,142.35,20.32,15.56
2023-02-03,139.68,22.49,16.12
2023-02-04,141.0,22.02,15.7
2023-02-05,142.61,20.46,15.76
2023-02-06,140.42,21.3,17.1
2023-02-07,139.71,21.67,15.29
2023-02-08,138.61,21.7,16.21
2023-02-09,136.2,22.1,16.35
2023-02-10,140.9,21.75,16.55
2023-02-11,139.46,21.11,15.15
2023-02-12,141.45,22.13,15.6
2023-02-13,138.19,19.85,15.93
2023-02-14,137.32,21.01,15.32
2023-02-15,139.02,20.47,14.99
2023-02-16,141.4,21.5,14.99
2023-02-17,141.3,21.58,15.69
2023-02-18,140.17,22.67,14.94
2023-02-19,136.56,22.03,16.6
2023-02-20,139.75,21.97,15.6
2023-02-21,141.24,21.81,14.53
2023-02-22,136.16,20.26,15.29
2023-02-23,139.06,20.61,16.01
2023-02-24,143.49,21.91,15.3
2023-02-25,139.65,21.01,15.31
2023-02-26,137.08,20.5,14.56
2023-02-27,144.1,20.86,15.45
2023-02-28,136.36,22.26,16.26
2023-03-01,136.65,21.55,14.97
2023-03-02,142.11,22.05,15.06
2023-03-03,139.78,20.18,14.98
2023-03-04,136.0,21.64,16.22
2023-03-05,141.4,21.41,15.44
2023-03-06,140.42,20.97,16.54
2023-03-07,137.95,20.73,15.54
2023-03-08,138.92,20.71,15.5
2023-03-09,143.04,21.34,16.14
2023-03-10,143.89,21.61,15.42
2023-03-11,137.84,20.4,15.63
2023-03-12,145.08,21.76,14.92
2023-03-13,140.11,20.9,14.84
2023-03-14,146.3,21.97,15.12
2023-03-15,145.97,21.26,15.9
2023-03-16,141.64,20.76,15.25
2023-03-17,138.7,20.58,14.72
2023-03-18,145.06,20.75,14.11
2023-03-19,140.29,22.04,15.69
2023-03-20,140.91,21.23,15.06
2023-03-21,141.48,20.88,15.19
2023-03-22,142.41,20.18,14.51
2023-03-23,140.09,22.69,14.78
2023-03-24,146.16,19.46,15.51
2023-03-25,132.37,18.96,16.18
2023-03-26,155.96,17.46,14.47
2023-03-27,140.71,23.31,15.96
2023-03-28,147.31,20.45,15.76
2023-03-29,150.99,20.75,15.72
2023-03-30,142.58,20.05,16.2
2023-03-31,151.95,19.17,13.82
2023-04-01,70.64,2.69,0.98
2023-04-02,72.91,2.43,2.15
2023-04-03,63.06,0.6,1.23
2023-04-04,72.64,1.28,3.08
2023-04-05,67.01,2.44,0.07
2023-04-06,143.65,22.65,16.77
2023-04-07,145.02,21.86,15.75
2023-04-08,143.3,22.94,15.32
2023-04-09,141.0,21.08,16.25
2023-04-10,145.01,23.07,15.88
2023-04-11,144.57,23.5,15.9
2023-04-12,146.22,22.87,15.54
2023-04-13,143.04,22.34,16.42
2023-04-14,142.62,21.7,15.54
2023-04-15,141.69,22.78,15.37
2023-04-16,139.93,23.16,16.77
2023-04-17,145.29,21.82,15.59
2023-04-18,144.97,22.03,15.89
2023-04-19,144.22,22.13,15.64
2023-04-20,144.09,22.14,15.11
2023-04-21,141.18,23.99,16.06
2023-04-22,144.63,23.01,15.39
2023-04-23,143.22,21.74,15.94
2023-04-24,146.35,21.8,15.43
2023-04-25,143.69,22.47,15.24
2023-04-26,143.67,22.9,15.4
2023-04-27,139.8,23.4,16.63
2023-04-28,141.16,23.5,15.07
2023-04-29,145.88,21.06,15.98
2023-04-30,140.16,21.94,16.24
2023-05-01,143.56,22.76,16.0
2023-05-02,147.33,22.74,15.85
2023-05-03,148.4,21.72,16.53
2023-05-04,143.66,22.34,16.15
2023-05-05,139.84,21.8,15.73
2023-05-06,144.23,21.18,15.62
2023-05-07,143.3,22.81,15.57
2023-05-08,141.02,21.76,15.68
2023-05-09,144.62,21.73,15.48
2023-05-10,147.39,22.1,15.57
2023-05-11,145.65,20.44,16.06
2023-05-12,146.8,21.99,16.16
2023-05-13,142.92,21.48,15.45
2023-05-14,144.88,21.9,15.92
2023-05-15,146.4,21.04,15.5
2023-05-16,140.25,21.32,15.03
2023-05-17,142.56,22.95,15.53
2023-05-18,146.59,23.25,15.12
2023-05-19,147.47,21.95,15.47
2023-05-20,144.49,21.59,15.39
2023-05-21,141.23,21.93,15.91
2023-05-22,146.37,22.1,16.4
2023-05-23,143.76,22.4,16.27
2023-05-24,145.81,23.07,15.48
2023-05-25,143.6,22.61,15.7
2023-05-26,145.71,21.85,16.16
2023-05-27,146.94,21.85,16.05
2023-05-28,145.94,22.45,15.31
2023-05-29,142.83,23.37,15.08
2023-05-30,145.24,23.08,15.14
2023-05-31,142.12,20.13,15.58
2023-06-01,141.95,21.78,15.97
2023-06-02,145.5,21.39,16.41
2023-06-03,143.04,21.93,16.19
2023-06-04,147.28,21.63,16.19
2023-06-05,143.49,21.95,15.15
2023-06-06,141.36,22.08,16.16
2023-06-07,145.39,21.69,16.05
2023-06-08,143.04,21.15,17.13
2023-06-09,147.87,20.53,15.95
2023-06-10,147.05,22.56,15.8
2023-06-11,141.24,21.45,15.68
2023-06-12,142.98,22.73,16.12
2023-06-13,144.56,21.99,16.48
2023-06-14,145.87,21.25,15.87
2023-06-15,150.31,21.67,15.89
2023-06-16,142.23,20.93,16.72
2023-06-17,146.98,21.22,15.64
2023-06-18,152.41,24.09,15.1
2023-06-19,145.34,20.73,15.92
2023-06-20,141.44,24.28,16.71
2023-06-21,150.18,20.83,16.16
2023-06-22,148.06,22.4,14.9
2023-06-23,149.21,19.8,15.36
2023-06-24,146.68,22.59,15.33
2023-06-25,148.47,19.14,15.52
2023-06-26,151.01,22.47,15.26
2023-06-27,151.92,14.670000000000002,14.61
2023-06-28,71.96,0.06,0.17
2023-06-29,66.64,2.49,0.67
2023-06-30,65.9,2.81,1.38
2023-07-01,77.16,0.19,1.94
2023-07-02,84.49,1.93,3.59
2023-07-03,81.09,0.54,4.74
2023-07-04,77.69,1.18,3.04
2023-07-05,60.04,1.06,2.0
2023-07-06,81.53,0.46,2.99
2023-07-07,70.14,0.02,3.46
2023-07-08,66.05,2.94,2.1
2023-07-09,78.93,2.59,2.28
2023-07-10,84.0,2.09,0.42
2023-07-11,67.51,2.63,1.02
2023-07-12,141.42,22.33,16.14
2023-07-13,144.34,21.8,15.53
2023-07-14,146.51,22.18,14.94
2023-07-15,142.42,23.07,15.66
2023-07-16,144.21,22.95,14.95
2023-07-17,144.35,22.86,16.13
2023-07-18,140.77,22.08,15.0
2023-07-19,143.24,22.4,15.64
2023-07-20,143.52,22.01,15.67
2023-07-21,144.23,22.25,15.59
2023-07-22,149.65,23.89,15.22
2023-07-23,145.19,21.38,15.88
2023-07-24,143.95,21.73,15.35
2023-07-25,145.42,23.46,16.39
2023-07-26,140.1,22.48,14.37
2023-07-27,147.13,22.6,16.66
2023-07-28,138.93,21.77,15.65
2023-07-29,139.94,21.94,16.75
2023-07-30,140.75,21.55,15.69
2023-07-31,140.95,20.85,15.85
2023-08-01,146.13,23.45,15.79
2023-08-02,142.01,22.86,15.55
2023-08-03,142.87,21.57,16.02
2023-08-04,142.82,21.85,16.4
2023-08-05,145.24,22.24,14.95
2023-08-06,144.55,22.44,16.22
2023-08-07,139.74,21.7,16.04
2023-08-08,143.0,21.14,15.96
2023-08-09,145.4,23.54,15.47
2023-08-10,144.38,23.16,15.65
2023-08-11,144.41,21.43,14.91
2023-08-12,142.66,22.52,15.81
2023-08-13,146.83,22.57,16.43
2023-08-14,144.64,22.13,15.32
2023-08-15,145.2,21.84,15.04
2023-08-16,141.82,22.32,15.79
2023-08-17,143.26,21.96,15.7
2023-08-18,142.64,22.69,14.98
2023-08-19,145.15,22.25,15.88
2023-08-20,145.29,21.82,15.29
2023-08-21,143.41,23.78,15.49
2023-08-22,140.7,23.26,15.17
2023-08-23,138.66,22.28,16.12
2023-08-24,142.45,22.19,15.45
2023-08-25,144.01,23.18,15.23
2023-08-26,143.1,21.5,15.81
2023-08-27,145.39,21.12,15.82
2023-08-28,142.56,22.11,15.81
2023-08-29,142.27,23.14,16.26
2023-08-30,147.13,22.85,15.26
2023-08-31,144.27,21.86,15.21
2023-09-01,145.12,23.21,16.16
2023-09-02,143.9,22.52,15.82
2023-09-03,141.92,22.14,16.18
2023-09-04,143.22,23.7,15.11
2023-09-05,146.96,22.96,15.43
2023-09-06,140.3,21.86,16.13
2023-09-07,143.68,22.39,15.83
2023-09-08,142.61,22.85,15.25
2023-09-09,145.46,22.29,15.13
2023-09-10,147.06,22.91,16.16
2023-09-11,145.41,22.84,16.19
2023-09-12,142.11,22.69,15.75
2023-09-13,138.22,21.32,16.16
2023-09-14,140.11,23.27,15.56
2023-09-15,139.83,23.29,16.39
2023-09-16,143.64,21.83,16.47
2023-09-17,139.8,22.07,15.79
2023-09-18,140.5,22.88,15.47
2023-09-19,140.14,23.44,15.58
2023-09-20,138.11,22.41,15.55
2023-09-21,144.85,22.64,16.56
2023-09-22,145.42,21.87,15.5
2023-09-23,145.59,22.47,16.16
2023-09-24,147.11,21.79,14.75
2023-09-25,140.14,23.0,14.5
2023-09-26,141.62,22.56,14.39
2023-09-27,149.33,21.98,15.6
2023-09-28,140.85,22.45,14.84
2023-09-29,147.15,21.95,14.04
2023-09-30,142.07,22.64,14.07
2023-10-01,152.51,21.88,13.66
2023-10-02,149.45,21.89,11.61
2023-10-03,146.2,22.08,10.76
2023-10-04,148.18,22.22,7.800000000000001
2023-10-05,67.57,1.55,0.42
2023-10-06,62.36,2.15,3.88
2023-10-07,81.77,0.24,1.65
2023-10-08,62.17,0.84,2.06
2023-10-09,55.21,2.04,4.13
2023-10-10,56.35,1.87,1.54
2023-10-11,141.35,22.66,15.51
2023-10-12,143.1,22.21,16.11
2023-10-13,141.85,20.98,16.87
2023-10-14,141.82,22.19,15.03
2023-10-15,141.79,23.17,16.0
2023-10-16,142.31,21.71,15.46
2023-10-17,142.48,21.33,16.42
2023-10-18,140.45,21.86,17.04
2023-10-19,143.66,21.32,16.2
2023-10-20,144.98,21.17,16.3
2023-10-21,142.37,22.34,15.82
2023-10-22,140.46,21.83,16.57
2023-10-23,141.56,22.08,16.46
2023-10-24,144.35,21.41,15.72
2023-10-25,137.76,21.71,15.75
2023-10-26,139.56,21.01,14.83
2023-10-27,147.03,22.64,15.4
2023-10-28,139.06,20.78,16.58
2023-10-29,140.97,21.15,15.41
2023-10-30,140.42,21.58,15.6
2023-10-31,141.37,20.3,16.17
2023-11-01,143.88,22.02,15.66
2023-11-02,139.33,20.79,15.51
2023-11-03,140.54,20.51,16.1
2023-11-04,139.08,20.91,16.23
2023-11-05,147.0,20.94,16.08
2023-11-06,139.56,21.35,15.89
2023-11-07,137.86,20.5,14.7
2023-11-08,141.29,21.83,17.3
2023-11-09,143.54,19.74,15.82
2023-11-10,139.43,20.66,16.23
2023-11-11,141.53,21.29,15.81
2023-11-12,141.45,20.69,16.44
2023-11-13,138.35,19.76,16.08
2023-11-14,143.74,20.46,15.82
2023-11-15,141.72,20.52,15.52
2023-11-16,138.62,20.99,16.62
2023-11-17,139.41,19.99,16.21
2023-11-18,140.88,20.2,16.45
2023-11-19,142.4,21.38,16.0
2023-11-20,140.45,20.55,17.07
2023-11-21,139.81,20.58,15.93
2023-11-22,140.02,20.38,15.32
2023-11-23,137.83,21.48,16.59
2023-11-24,144.7,21.21,15.6
2023-11-25,142.19,20.96,15.5
2023-11-26,142.95,20.76,15.9
2023-11-27,143.68,20.57,15.68
2023-11-28,135.33,20.35,16.33
2023-11-29,145.15,21.18,15.71
2023-11-30,144.48,21.66,16.23
2023-12-01,138.08,21.01,15.78
2023-12-02,135.18,21.22,15.95
2023-12-03,136.89,20.58,16.91
2023-12-04,139.16,20.92,16.33
2023-12-05,141.6,21.2,16.33
2023-12-06,138.54,21.28,15.5
2023-12-07,135.11,21.73,16.23
2023-12-08,140.68,20.89,16.38
2023-12-09,138.82,19.02,16.7
2023-12-10,137.37,20.99,17.0
2023-12-11,138.59,18.44,16.31
2023-12-12,140.85,21.49,16.1
2023-12-13,137.51,20.01,14.98
2023-12-14,144.49,20.41,15.5
2023-12-15,141.17,21.29,16.46
2023-12-16,71.86,1.66,0.57
2023-12-17,84.06,1.45,0.32
2023-12-18,84.91,1.29,1.6
2023-12-19,62.96,2.06,4.74
2023-12-20,56.66,1.61,0.35
2023-12-21,76.42,2.77,2.59
2023-12-22,141.07,20.64,17.09
2023-12-23,136.71,20.14,16.35
2023-12-24,139.09,20.8,15.59
2023-12-25,141.1,21.98,15.74
2023-12-26,139.77,22.55,16.22
2023-12-27,141.16,21.08,15.69
2023-12-28,141.8,20.71,15.91
2023-12-29,139.91,20.23,16.04
2023-12-30,135.03,20.92,17.25
2023-12-31,137.51,20.95,15.47
2024-01-01,134.91,22.19,16.77
2024-01-02,137.7,20.48,16.5
2024-01-03,137.72,19.75,15.86
2024-01-04,141.11,21.85,15.6
2024-01-05,142.47,23.15,15.03
2024-01-06,142.04,21.49,16.33
2024-01-07,138.06,21.85,16.0
2024-01-08,138.71,19.59,16.66
2024-01-09,141.1,22.69,15.61
2024-01-10,145.66,21.7,16.27
2024-01-11,144.05,21.17,15.92
2024-01-12,142.6,21.23,16.11
2024-01-13,139.19,20.88,15.23
2024-01-14,142.01,20.1,14.99
2024-01-15,138.44,22.15,15.66
2024-01-16,138.96,21.83,16.12
2024-01-17,145.98,21.6,16.11
2024-01-18,142.16,19.96,16.14
2024-01-19,142.51,22.29,16.42
2024-01-20,138.66,22.45,15.58
2024-01-21,141.94,20.91,15.94
2024-01-22,136.36,21.31,16.27
2024-01-23,139.34,21.21,15.62
2024-01-24,141.93,21.68,15.77
2024-01-25,136.11,21.13,14.83
2024-01-26,137.76,21.02,15.57
2024-01-27,141.33,21.55,15.31
2024-01-28,139.58,20.94,16.23
2024-01-29,139.67,21.46,16.03
2024-01-30,140.4,22.13,16.31
2024-01-31,138.59,20.46,15.27
2024-02-01,138.85,21.57,14.37
2024-02-02,134.62,21.27,16.16
2024-02-03,138.2,21.49,15.61
2024-02-04,138.21,22.25,16.01
2024-02-05,139.4,21.3,15.47
2024-02-06,138.29,20.96,16.78
2024-02-07,140.57,21.7,15.26
2024-02-08,137.09,20.58,15.63
2024-02-09,140.58,21.17,15.88
2024-02-10,142.27,21.02,15.75
2024-02-11,143.12,21.36,14.67
2024-02-12,141.27,19.16,14.35
2024-02-13,143.8,21.15,13.69
2024-02-14,60.18,1.14,4.55
2024-02-15,73.47,0.12,2.02
2024-02-16,137.54,22.41,15.7
2024-02-17,140.43,22.74,16.31
2024-02-18,140.44,21.28,15.63
2024-02-19,133.48,20.88,16.23
2024-02-20,139.75,22.28,16.23
2024-02-21,143.19,20.94,15.31
2024-02-22,142.71,20.18,16.8
2024-02-23,141.5,21.84,16.19
2024-02-24,136.72,21.69,15.55
2024-02-25,139.03,22.35,15.77
2024-02-26,138.02,22.77,16.26
2024-02-27,137.77,22.49,15.92
2024-02-28,138.55,21.42,16.1
2024-02-29,138.03,21.9,15.98
2024-03-01,141.16,20.8,15.27
2024-03-02,144.27,20.29,16.54
2024-03-03,143.83,21.5,16.43
2024-03-04,135.65,19.89,16.01
2024-03-05,145.29,22.27,15.66
2024-03-06,137.32,22.08,15.65
2024-03-07,140.21,21.66,15.97
2024-03-08,137.89,23.13,15.73
2024-03-09,136.54,23.08,16.02
2024-03-10,143.4,22.63,15.13
2024-03-11,144.73,22.01,15.75
2024-03-12,141.35,22.16,16.18
2024-03-13,140.4,23.15,15.31
2024-03-14,140.81,22.54,16.63
2024-03-15,142.51,22.71,16.31
2024-03-16,141.77,22.38,16.01
2024-03-17,144.81,22.85,15.3
2024-03-18,136.81,22.18,16.31
2024-03-19,144.48,23.28,14.61
2024-03-20,141.11,23.19,15.17
2024-03-21,140.13,23.06,14.56
2024-03-22,140.13,23.2,15.41
2024-03-23,145.1,24.15,15.84
2024-03-24,138.79,22.83,15.1
2024-03-25,140.21,22.23,14.25
2024-03-26,140.09,22.22,14.58
2024-03-27,142.2,22.92,15.0
2024-03-28,141.06,22.86,14.95
2024-03-29,147.39,22.37,15.46
2024-03-30,137.22,23.03,15.31
2024-03-31,142.62,23.07,15.14
2024-04-01,140.27,22.89,14.46
2024-04-02,141.02,21.2,14.54
2024-04-03,141.51,22.63,15.04
2024-04-04,145.08,24.28,14.58
2024-04-05,142.29,23.07,15.46
2024-04-06,136.53,22.9,14.76
2024-04-07,144.74,22.48,14.22
2024-04-08,140.6,24.31,14.38
2024-04-09,141.6,22.48,14.77
2024-04-10,137.75,23.02,15.6
2024-04-11,147.0,22.28,16.58
2024-04-12,147.2,22.69,15.0
2024-04-13,139.57,23.0,15.24
2024-04-14,142.73,23.83,14.87
2024-04-15,143.21,23.4,14.56
2024-04-16,57.36,1.58,2.01
2024-04-17,142.58,22.46,15.44
2024-04-18,138.88,22.44,15.29
2024-04-19,142.84,21.84,15.67
2024-04-20,146.84,21.73,14.86
2024-04-21,138.03,23.03,14.8
2024-04-22,142.56,22.64,14.79
2024-04-23,139.64,20.87,14.69
2024-04-24,147.19,22.16,14.11
2024-04-25,142.31,21.9,14.78
2024-04-26,141.69,23.27,14.49
2024-04-27,144.49,20.73,15.63
2024-04-28,148.05,21.81,14.44
2024-04-29,145.24,21.33,14.08
2024-04-30,146.29,22.41,15.31
2024-05-01,146.26,21.61,14.55
2024-05-02,141.36,22.42,14.78
2024-05-03,141.67,22.66,13.87
2024-05-04,144.48,22.49,14.91
2024-05-05,144.18,22.82,15.1
2024-05-06,137.82,23.12,15.12
2024-05-07,149.47,20.94,15.34
2024-05-08,146.01,21.36,15.56
2024-05-09,143.69,21.19,15.38
2024-05-10,145.27,21.44,16.0
2024-05-11,140.2,22.84,15.03
2024-05-12,142.36,22.64,14.98
2024-05-13,142.42,22.99,15.31
2024-05-14,148.15,23.26,15.14
2024-05-15,144.54,22.15,14.7
2024-05-16,145.88,22.47,14.93
2024-05-17,141.91,21.02,14.55
2024-05-18,146.77,21.54,14.06
2024-05-19,146.05,21.86,15.39
2024-05-20,145.55,21.57,15.43
2024-05-21,144.45,21.48,15.13
2024-05-22,143.91,20.47,14.76
2024-05-23,145.68,22.17,14.05
2024-05-24,148.74,23.16,14.76
2024-05-25,149.57,20.66,14.51
2024-05-26,148.17,21.9,15.67
2024-05-27,147.57,21.76,15.41
2024-05-28,145.34,21.29,15.6
2024-05-29,142.44,21.98,15.3
2024-05-30,144.33,20.87,15.68
2024-05-31,147.24,21.76,14.9
2024-06-01,146.76,22.26,15.13
2024-06-02,148.69,20.89,15.13
2024-06-03,147.48,20.85,15.23
2024-06-04,144.59,22.09,14.8
2024-06-05,144.78,21.49,14.67
2024-06-06,146.28,21.51,15.29
2024-06-07,145.06,22.43,16.04
2024-06-08,145.48,22.83,15.32
2024-06-09,145.27,21.48,15.83
2024-06-10,148.32,21.86,15.24
2024-06-11,147.28,22.75,14.83
2024-06-12,147.61,21.27,14.85
2024-06-13,148.69,20.41,14.55
2024-06-14,146.45,21.14,15.59
2024-06-15,143.36,21.49,15.22
2024-06-16,148.83,21.86,15.28
2024-06-17,144.43,21.6,16.01
2024-06-18,143.6,20.91,15.96
2024-06-19,144.56,21.16,15.23
2024-06-20,150.31,20.49,16.31
2024-06-21,143.92,22.0,15.58
2024-06-22,141.37,21.24,14.87
2024-06-23,145.33,21.26,16.47
2024-06-24,146.5,21.88,15.14
2024-06-25,139.35,21.12,15.93
2024-06-26,146.34,21.12,14.94
2024-06-27,146.95,21.71,15.7
2024-06-28,144.46,23.24,15.5
2024-06-29,141.91,20.55,15.26
2024-06-30,146.32,20.88,15.48
2024-07-01,59.51,0.12,4.39
2024-07-02,151.51,21.56,15.32
2024-07-03,145.52,22.68,15.78
2024-07-04,147.26,21.27,15.25
2024-07-05,148.87,21.86,15.67
2024-07-06,143.67,21.73,14.96
2024-07-07,146.09,21.64,15.09
2024-07-08,148.62,21.54,15.87
2024-07-09,146.86,21.39,15.32
2024-07-10,145.42,22.78,15.71
2024-07-11,148.49,21.77,15.55
2024-07-12,141.97,22.47,15.63
2024-07-13,144.11,22.6,15.3
2024-07-14,147.89,22.4,14.66
2024-07-15,150.45,22.53,15.41
2024-07-16,140.8,23.25,16.1
2024-07-17,146.56,20.97,14.44
2024-07-18,144.29,21.52,15.49
2024-07-19,150.3,20.89,15.36
2024-07-20,148.26,22.08,14.65
2024-07-21,145.17,23.04,14.8
2024-07-22,143.83,21.63,14.32
2024-07-23,142.3,22.58,15.62
2024-07-24,149.06,21.23,15.18
2024-07-25,143.57,21.7,15.77
2024-07-26,144.86,22.36,15.4
2024-07-27,141.54,20.84,15.13
2024-07-28,143.62,21.76,14.91
2024-07-29,145.02,22.88,15.68
2024-07-30,143.77,21.41,15.19
2024-07-31,140.9,21.14,14.89
2024-08-01,146.25,20.76,15.43
2024-08-02,143.23,21.76,14.97
2024-08-03,139.36,22.69,16.46
2024-08-04,146.1,22.19,14.84
2024-08-05,145.27,21.09,14.3
2024-08-06,142.54,22.0,15.92
2024-08-07,145.9,21.35,14.2
2024-08-08,146.49,21.94,14.48
2024-08-09,144.94,21.94,15.43
2024-08-10,142.04,22.77,15.37
2024-08-11,140.46,20.87,15.61
2024-08-12,145.97,21.85,15.0
2024-08-13,145.65,22.62,15.08
2024-08-14,146.89,21.18,14.96
2024-08-15,136.42,22.66,14.36
2024-08-16,146.36,22.16,14.57
2024-08-17,142.99,21.73,15.08
2024-08-18,147.81,22.23,15.86
2024-08-19,137.18,21.16,15.44
2024-08-20,145.97,21.82,15.53
2024-08-21,147.39,22.16,14.45
2024-08-22,143.15,21.79,15.28
2024-08-23,147.28,19.73,14.92
2024-08-24,139.84,20.88,15.4
2024-08-25,146.19,20.65,15.39
2024-08-26,143.49,22.15,15.3
2024-08-27,145.07,21.19,15.46
2024-08-28,147.46,21.67,15.08
2024-08-29,139.14,23.1,15.15
2024-08-30,141.62,21.62,15.78
2024-08-31,142.32,21.2,14.62
2024-09-01,142.59,21.79,14.8
2024-09-02,139.95,21.28,15.25
2024-09-03,145.18,22.88,15.27
2024-09-04,145.42,21.56,15.1
2024-09-05,144.13,21.58,14.77
2024-09-06,138.92,21.74,14.61
2024-09-07,141.96,21.78,15.49
2024-09-08,143.81,21.82,14.7
2024-09-09,144.59,21.16,14.8
2024-09-10,141.3,20.18,14.3
2024-09-11,140.7,21.05,15.53
2024-09-12,142.82,21.94,14.85
2024-09-13,146.25,19.63,14.9
2024-09-14,144.91,21.5,15.0
2024-09-15,140.88,21.06,15.02
2024-09-16,145.7,21.76,14.58
2024-09-17,139.94,20.33,15.25
2024-09-18,142.03,21.45,15.75
2024-09-19,143.98,21.8,15.05
2024-09-20,143.11,21.96,14.72
2024-09-21,144.7,20.92,15.15
2024-09-22,142.67,21.06,15.2
2024-09-23,145.59,21.1,14.96
2024-09-24,143.18,21.2,15.07
2024-09-25,143.94,19.79,14.6
2024-09-26,143.11,20.5,15.94
2024-09-27,142.77,22.07,14.92
2024-09-28,139.38,21.86,14.77
2024-09-29,139.23,20.93,15.32
2024-09-30,146.26,21.81,14.19
2024-10-01,138.0,20.32,15.05
2024-10-02,139.48,21.19,13.99
2024-10-03,142.05,21.32,14.7
2024-10-04,150.82,21.49,15.67
2024-10-05,143.41,20.74,14.32
2024-10-06,142.08,21.86,14.04
2024-10-07,143.26,21.34,14.74
2024-10-08,143.18,21.12,15.16
2024-10-09,144.98,21.37,14.81
2024-10-10,147.5,21.25,14.65
2024-10-11,145.66,20.4,15.54
2024-10-12,144.9,21.52,14.14
2024-10-13,145.56,21.0,14.83
2024-10-14,141.27,20.78,14.68
2024-10-15,143.36,21.18,15.92
2024-10-16,143.8,20.46,14.38
2024-10-17,142.14,20.4,14.73
2024-10-18,142.77,20.86,15.05
2024-10-19,143.46,20.2,14.68
2024-10-20,145.42,20.82,15.23
2024-10-21,142.68,21.41,15.25
2024-10-22,143.07,20.97,15.04
2024-10-23,141.53,20.58,14.24
2024-10-24,143.74,19.67,14.63
2024-10-25,147.03,20.62,15.41
2024-10-26,146.49,19.56,14.53
2024-10-27,141.33,19.8,14.37
2024-10-28,145.32,21.02,14.75
2024-10-29,143.68,20.64,14.55
2024-10-30,141.63,22.42,14.53
2024-10-31,142.74,20.77,14.93
2024-11-01,144.05,21.23,14.64
2024-11-02,145.24,20.99,15.24
2024-11-03,61.43,1.76,2.21
2024-11-04,144.18,21.87,15.95
2024-11-05,140.67,21.31,15.54
2024-11-06,141.96,21.48,15.63
2024-11-07,146.94,21.27,15.18
2024-11-08,57.51,1.45,2.57
2024-11-09,143.85,23.25,15.67
2024-11-10,145.04,22.62,15.7
2024-11-11,143.52,22.57,15.38
2024-11-12,139.75,20.11,16.34
2024-11-13,141.52,21.76,15.05
2024-11-14,143.51,20.37,16.07
2024-11-15,133.94,22.06,15.95
2024-11-16,142.04,22.47,15.25
2024-11-17,136.26,21.63,16.36
2024-11-18,144.82,22.06,15.64
2024-11-19,138.15,21.53,15.39
2024-11-20,138.94,21.13,16.38
2024-11-21,139.4,20.66,15.21
2024-11-22,141.9,20.9,14.41
2024-11-23,144.81,19.99,15.39
2024-11-24,142.31,21.47,14.45
2024-11-25,146.64,21.02,14.03
2024-11-26,145.84,20.39,14.17
2024-11-27,145.37,20.61,13.93
2024-11-28,148.19,20.73,10.75
2024-11-29,146.19,20.28,10.11
2024-11-30,150.63,20.41,10.39
2024-12-01,69.1,0.99,3.77
2024-12-02,61.78,1.84,2.16
2024-12-03,76.06,1.54,4.36
2024-12-04,72.29,2.38,1.62
2024-12-05,139.16,21.18,15.37
2024-12-06,70.83,1.62,2.31
2024-12-07,83.13,2.59,4.45
2024-12-08,139.72,21.88,15.63
2024-12-09,140.94,22.25,15.96
2024-12-10,64.69,1.44,3.09
2024-12-11,141.32,21.1,16.47
2024-12-12,133.75,21.29,17.37
2024-12-13,139.23,21.49,16.16
2024-12-14,140.8,21.06,16.52
2024-12-15,136.44,21.99,15.61
2024-12-16,137.18,21.39,15.87
2024-12-17,136.53,22.12,16.36
2024-12-18,140.14,21.08,17.1
2024-12-19,142.31,21.39,15.56
2024-12-20,137.0,20.3,16.02
2024-12-21,137.51,20.75,15.94
2024-12-22,142.68,22.91,15.91
2024-12-23,142.13,22.07,15.98
2024-12-24,136.49,21.52,15.74
2024-12-25,141.58,20.91,15.66
2024-12-26,131.08,22.11,16.65
2024-12-27,136.6,21.49,14.94
2024-12-28,141.38,21.68,14.96
2024-12-29,139.02,21.75,16.19
2024-12-30,137.47,23.51,16.13
2024-12-31,139.89,21.51,14.91
2025-01-01,140.18,22.2,15.29
2025-01-02,135.85,20.92,16.42
2025-01-03,141.85,22.47,16.11
2025-01-04,143.83,21.01,15.95
2025-01-05,141.11,22.72,15.43
2025-01-06,139.11,21.21,14.72
2025-01-07,140.59,22.01,15.89
2025-01-08,137.29,21.46,15.83
2025-01-09,141.31,22.55,15.74
2025-01-10,134.4,22.61,15.77
2025-01-11,140.52,21.65,15.57
2025-01-12,140.7,20.51,16.23
2025-01-13,140.18,23.44,14.75
2025-01-14,138.74,21.48,15.62
2025-01-15,140.51,21.62,14.94
2025-01-16,135.67,22.08,15.07
2025-01-17,139.01,20.72,15.8
2025-01-18,141.51,20.71,16.24
2025-01-19,139.08,21.61,15.78
2025-01-20,136.91,21.36,15.87
2025-01-21,139.36,21.09,14.88
2025-01-22,138.97,21.57,15.75
2025-01-23,143.3,21.79,16.24
2025-01-24,138.81,21.71,15.61
2025-01-25,138.04,22.72,15.67
2025-01-26,137.76,21.49,15.43
2025-01-27,144.83,19.95,15.31
2025-01-28,140.14,21.43,14.31
2025-01-29,138.72,23.08,16.59
2025-01-30,141.22,23.08,15.2
2025-01-31,135.64,22.01,15.59
2025-02-01,138.62,20.8,14.39
2025-02-02,138.82,21.51,14.88
2025-02-03,139.09,22.19,15.35
2025-02-04,141.24,21.86,14.93
2025-02-05,145.04,20.89,14.86
2025-02-06,140.42,21.37,15.39
2025-02-07,142.38,22.17,14.68
2025-02-08,138.7,21.09,15.61
2025-02-09,136.58,20.44,15.54
2025-02-10,141.67,21.85,16.29
2025-02-11,142.22,22.1,15.63
2025-02-12,139.8,22.88,15.18
2025-02-13,140.42,21.72,15.3
2025-02-14,138.09,21.14,15.24
2025-02-15,130.67,21.21,15.37
2025-02-16,143.97,20.8,15.77
2025-02-17,138.29,23.6,15.95
2025-02-18,141.37,22.48,15.01
2025-02-19,139.58,21.01,15.35
2025-02-20,141.18,21.37,15.42
2025-02-21,146.31,20.95,14.79
2025-02-22,142.67,22.39,15.14
2025-02-23,139.72,22.48,15.41
2025-02-24,143.33,20.84,15.14
2025-02-25,136.74,21.8,15.27
2025-02-26,132.66,21.04,14.96
2025-02-27,145.67,22.19,15.83
2025-02-28,141.27,21.82,15.07
2025-03-01,145.75,22.25,14.69
2025-03-02,139.47,21.13,15.93
2025-03-03,142.03,21.07,15.06
2025-03-04,143.1,22.42,15.82
2025-03-05,139.09,21.47,16.18
2025-03-06,138.68,20.7,14.73
2025-03-07,142.99,21.33,15.61
2025-03-08,143.76,21.67,16.05
2025-03-09,144.15,21.79,15.3
2025-03-10,146.47,21.56,15.89
2025-03-11,143.52,20.84,16.89
2025-03-12,144.76,20.73,16.09
2025-03-13,139.01,21.94,16.5
2025-03-14,144.66,22.02,16.2
2025-03-15,141.46,21.12,16.38
2025-03-16,144.04,21.63,15.56
2025-03-17,141.94,20.99,15.65
2025-03-18,143.2,21.82,14.89
2025-03-19,144.36,21.57,15.48
2025-03-20,139.21,22.2,15.75
2025-03-21,144.48,21.37,15.39
2025-03-22,146.2,21.46,16.0
2025-03-23,143.76,22.01,15.28
2025-03-24,143.65,22.09,15.47
2025-03-25,143.62,21.89,15.63
2025-03-26,148.37,21.3,15.97
2025-03-27,143.86,22.16,16.3
2025-03-28,142.27,19.87,16.23
2025-03-29,143.34,21.57,15.37
2025-03-30,146.98,23.01,16.77
2025-03-31,144.91,21.48,16.12
2025-04-01,145.13,22.83,15.85
2025-04-02,141.67,22.38,15.8
2025-04-03,143.36,20.68,15.6
2025-04-04,145.0,21.0,15.23
2025-04-05,146.16,22.04,15.71
2025-04-06,147.96,21.89,16.13
2025-04-07,145.39,21.56,16.07
2025-04-08,150.07,21.9,16.07
2025-04-09,143.0,22.56,16.45
2025-04-10,148.85,20.67,16.97
2025-04-11,147.8,21.21,15.88
2025-04-12,149.22,22.85,15.72
2025-04-13,143.5,23.18,16.74
2025-04-14,146.06,21.93,16.51
2025-04-15,145.76,23.15,15.47
2025-04-16,148.49,22.04,15.48
2025-04-17,148.75,22.59,14.82
2025-04-18,151.52,22.67,15.25
2025-04-19,148.34,23.34,15.67
2025-04-20,152.79,22.78,15.22
2025-04-21,146.38,22.57,15.99
2025-04-22,151.69,22.51,16.15
2025-04-23,147.79,22.5,16.29
2025-04-24,150.27,21.05,15.44
2025-04-25,147.17,21.87,15.59
2025-04-26,150.98,23.67,15.93
2025-04-27,143.7,22.75,16.58
2025-04-28,149.57,23.48,15.77
2025-04-29,147.34,22.02,14.71
2025-04-30,148.25,22.81,15.13
2025-05-01,147.54,21.64,15.77
2025-05-02,149.34,22.73,15.14
2025-05-03,145.27,21.3,15.37
2025-05-04,150.61,22.34,15.87
2025-05-05,147.8,21.49,15.09
2025-05-06,149.45,22.79,14.92
2025-05-07,150.29,23.33,15.31
2025-05-08,142.25,22.18,14.2
2025-05-09,148.0,22.37,14.28
2025-05-10,146.25,22.26,15.37
2025-05-11,143.69,23.27,15.24
2025-05-12,144.24,22.91,15.43
2025-05-13,151.17,22.01,15.24
2025-05-14,147.3,22.68,14.85
2025-05-15,146.12,23.53,16.1
2025-05-16,144.9,22.71,14.52
2025-05-17,143.89,23.35,14.91
2025-05-18,146.42,21.87,16.82
2025-05-19,146.57,22.77,15.92
2025-05-20,149.74,24.23,16.02
2025-05-21,148.25,23.06,15.13
2025-05-22,149.72,23.46,15.5
2025-05-23,148.81,22.88,15.44
2025-05-24,149.6,19.75,15.58
2025-05-25,148.69,23.14,14.06
2025-05-26,152.6,21.9,14.27
2025-05-27,145.37,22.22,14.04
2025-05-28,64.71,2.52,0.52
2025-05-29,57.49,1.93,2.36
2025-05-30,68.68,1.03,3.47
2025-05-31,145.78,23.32,14.61
2025-06-01,148.85,21.83,14.98
2025-06-02,147.62,20.22,15.08
2025-06-03,80.59,2.42,0.66
2025-06-04,69.62,1.07,1.26
2025-06-05,62.34,0.15,4.24
2025-06-06,73.36,0.5,2.64
2025-06-07,56.05,0.11,0.13
2025-06-08,68.59,1.54,3.57
2025-06-09,71.68,0.98,2.21
2025-06-10,77.19,2.12,2.67
2025-06-11,142.56,21.34,15.17
2025-06-12,142.58,21.95,15.04
2025-06-13,150.45,22.95,15.14
2025-06-14,145.49,23.08,14.93
2025-06-15,150.08,23.01,14.46
2025-06-16,148.27,22.95,15.36
2025-06-17,145.09,23.3,15.41
2025-06-18,146.19,22.9,15.8
2025-06-19,146.92,22.75,15.28
2025-06-20,148.17,22.31,15.4
2025-06-21,143.54,22.48,15.5
2025-06-22,148.26,21.74,15.41
2025-06-23,145.43,22.84,14.7
2025-06-24,145.42,21.85,15.69
2025-06-25,142.63,22.75,16.63
2025-06-26,142.97,21.65,15.31
2025-06-27,147.85,21.53,15.35
2025-06-28,147.63,22.9,14.41
2025-06-29,141.26,23.84,14.85
2025-06-30,149.57,22.09,15.04
2025-07-01,144.4,23.13,15.27
2025-07-02,146.03,21.51,15.86
2025-07-03,151.24,22.69,14.88
2025-07-04,151.15,23.61,16.46
2025-07-05,147.49,22.65,15.78
2025-07-06,147.42,23.21,14.5
2025-07-07,142.8,23.63,15.52
2025-07-08,147.7,22.22,14.91
2025-07-09,78.31,0.69,2.63
2025-07-10,146.32,23.75,14.46
2025-07-11,144.32,22.85,14.78
2025-07-12,145.63,21.7,15.51
2025-07-13,149.77,24.21,14.82
2025-07-14,146.7,23.17,14.56
2025-07-15,148.79,22.64,15.22
2025-07-16,150.44,22.04,15.5
2025-07-17,144.61,21.27,14.39
2025-07-18,145.95,21.88,14.24
2025-07-19,148.91,23.02,15.88
2025-07-20,143.78,22.13,15.01
2025-07-21,150.12,22.42,14.87
2025-07-22,146.9,23.33,15.14
2025-07-23,149.69,22.52,15.4
2025-07-24,146.99,23.67,15.19
2025-07-25,148.03,22.99,15.5
2025-07-26,144.48,21.14,15.12
2025-07-27,148.53,22.49,15.1
2025-07-28,146.77,23.56,13.97
2025-07-29,147.16,22.24,15.31
2025-07-30,145.5,24.37,14.98
2025-07-31,151.88,20.87,14.32
2025-08-01,146.96,22.64,14.22
2025-08-02,151.0,22.14,15.1
2025-08-03,147.48,22.52,15.29
2025-08-04,146.33,23.77,15.31
2025-08-05,143.95,22.99,14.5
2025-08-06,147.54,22.76,13.88
2025-08-07,143.79,21.8,15.16
2025-08-08,143.74,22.3,15.75
2025-08-09,143.15,23.11,15.88
2025-08-10,144.83,22.86,15.4
2025-08-11,149.72,22.44,15.45
2025-08-12,142.73,21.91,15.07
2025-08-13,147.18,21.96,15.76
2025-08-14,147.23,23.12,15.04
2025-08-15,143.18,22.72,14.63
2025-08-16,148.55,23.97,15.48
2025-08-17,144.77,22.69,15.0
2025-08-18,148.1,23.19,15.36
2025-08-19,147.22,22.88,15.43
2025-08-20,148.94,22.94,15.32
2025-08-21,141.84,21.54,15.13
2025-08-22,142.83,22.09,16.29
2025-08-23,144.78,22.59,15.5
2025-08-24,147.43,23.07,15.49
2025-08-25,146.64,22.82,16.39
2025-08-26,147.5,22.57,15.38
2025-08-27,148.16,22.36,16.4
2025-08-28,142.56,22.41,16.26
2025-08-29,148.58,23.46,15.07
2025-08-30,145.16,23.12,15.34
2025-08-31,144.75,21.8,14.79
2025-09-01,148.25,22.08,15.19
2025-09-02,140.3,22.08,15.77
2025-09-03,146.21,22.78,16.14
2025-09-04,145.6,23.06,15.92
2025-09-05,143.8,23.41,15.13
2025-09-06,142.05,22.53,15.54
2025-09-07,144.97,22.47,15.2
2025-09-08,147.05,22.83,15.7
2025-09-09,145.59,22.47,16.17
2025-09-10,140.61,22.66,15.42
2025-09-11,141.07,22.98,15.75
2025-09-12,148.65,22.86,15.28
2025-09-13,145.63,21.33,15.61
2025-09-14,142.41,22.94,15.43
2025-09-15,144.02,23.73,16.02
2025-09-16,144.35,22.28,16.07
2025-09-17,149.88,22.79,15.91
2025-09-18,145.04,21.77,15.84
2025-09-19,140.53,22.79,16.14
2025-09-20,144.85,22.23,16.01
2025-09-21,146.51,23.48,15.9
2025-09-22,145.79,21.34,15.51
2025-09-23,144.37,22.3,15.15
2025-09-24,149.61,22.6,15.52
2025-09-25,145.11,21.68,15.52
2025-09-26,145.55,22.54,15.01
2025-09-27,146.54,21.52,15.43
2025-09-28,143.7,22.49,15.52
2025-09-29,144.88,22.58,16.37
2025-09-30,147.33,22.86,15.13
2025-10-01,143.46,22.06,16.31
2025-10-02,148.12,21.84,15.31
2025-10-03,146.44,22.17,14.8
2025-10-04,148.13,21.8,16.17
2025-10-05,139.4,22.23,15.22
2025-10-06,147.04,22.62,15.17
2025-10-07,141.18,21.2,15.44
2025-10-08,147.55,21.69,16.26
2025-10-09,146.17,22.66,15.46
2025-10-10,140.49,22.41,16.03
2025-10-11,143.38,22.65,16.02
2025-10-12,139.73,23.28,15.83
2025-10-13,139.59,22.3,15.66
2025-10-14,143.08,20.49,16.5
2025-10-15,141.11,22.71,15.54
2025-10-16,146.7,23.18,15.45
2025-10-17,149.79,21.62,15.09
2025-10-18,150.41,21.6,15.86
2025-10-19,152.71,21.42,15.33
2025-10-20,151.09,22.84,15.6
2025-10-21,145.38,20.71,16.01
2025-10-22,148.4,21.92,14.99
2025-10-23,154.16,22.1,13.98
2025-10-24,157.24,20.56,14.45
2025-10-25,159.75,21.08,10.55
2025-10-26,165.78,21.53,11.09
2025-10-27,81.09,1.3,4.04
2025-10-28,77.63,0.83,2.22
2025-10-29,74.41,2.75,3.4
2025-10-30,62.52,2.68,3.58
2025-10-31,78.53,2.04,2.36
2025-11-01,63.83,2.62,3.98
2025-11-02,66.55,2.51,4.75
2025-11-03,78.66,1.05,0.84
2025-11-04,61.2,2.91,0.13
2025-11-05,56.12,2.75,0.7
2025-11-06,65.29,1.26,4.64
2025-11-07,81.54,0.96,1.91
2025-11-08,84.59,2.46,2.17
2025-11-09,58.01,1.06,2.01
2025-11-10,153.92,17.6,13.45
2025-11-11,72.23,2.5,3.44
2025-11-12,140.57,20.56,15.58
2025-11-13,142.19,20.26,14.97
2025-11-14,138.67,22.0,16.14
2025-11-15,140.45,20.02,14.99
2025-11-16,142.72,21.48,15.99
2025-11-17,138.23,21.11,15.07
2025-11-18,139.67,21.07,15.47
2025-11-19,138.49,21.17,15.29
2025-11-20,140.09,20.74,14.21
2025-11-21,144.83,22.13,15.11
2025-11-22,141.42,20.67,15.8
2025-11-23,144.77,21.37,16.49
2025-11-24,140.25,20.26,14.81
2025-11-25,139.59,21.06,16.02
2025-11-26,145.76,21.6,15.96
2025-11-27,144.42,21.5,15.54
2025-11-28,138.63,21.08,15.04
2025-11-29,142.14,20.64,15.31
2025-11-30,142.94,20.66,15.84
